,Features,Importance
395,Number of cogs,0.04286629535517774
1037,Derailleur hanger,0.03940540626850793
20,Dropout joint 10,0.03372022710276166
1419,Dropout spacing style 3,0.029731760781965755
561,Dropout joint 9,0.02941758800915401
1072,Head angle,0.023782045387626283
768,CS textfield,0.02275264956661511
250,Dropout spacing,0.022565341620876755
34,Dropout joint 26,0.019604486500010728
37,Dropout joint 23,0.01904811120356811
